Workbook
Name Slicer_Region: #N/A

Sheet excel_practice_dataset
A1: Customer_ID | B1: Customer_Name | C1: Product_Category | D1: Region | E1: Join_Date | F1: Order_Date | G1: Shipping_Date | I1: Id_Type | J1: Id_Num | K1: Clean_Customer_Name | L1: Clean_Product_Category | M1: Clean_Region | N1: Shipping_Days | O1: Shipping_Status | P1: Customer_Tenure | Q1: Order_Months
A2: CUST1001 | B2: ANITA sharma | C2: FURNITURE | D2: north | E2: 44292 | F2: 45121 | G2: 45128 | I2: {=MID(A2:A51, 1, 4)} -> CUST | J2: {=MID(A2:A51, 5,8)} -> 1001 | K2: {=PROPER(TRIM(CLEAN(B2:B51)))} -> Anita Sharma | L2: {=PROPER(TRIM(CLEAN(C2:C51)))} -> Furniture | M2: {=PROPER(TRIM(CLEAN(D2:D51)))} -> North | N2: =G2-F2 -> 7 | O2: =IF(G2-F2>4, "Delayed", "On time") -> Delayed | P2: =DATEDIF(E2, TODAY(), "Y") -> 4 | Q2: =MONTH(F2) -> 7
A3: CUST1002 | B3: sneha gupta | C3: clothing | D3: north | E3: 44201 | F3: 45081 | G3: 45084 | I3: CUST | J3: 1002 | K3: Sneha Gupta | L3: Clothing | M3: North | N3: =G3-F3 -> 3 | O3: =IF(G3-F3>4, "Delayed", "On time") -> On time | P3: =DATEDIF(E3, TODAY(), "Y") -> 5 | Q3: =MONTH(F3) -> 6
A4: CUST1003 | B4: ANITA sharma | C4: electronics | D4: east | E4: 44171 | F4: 44949 | G4: 44955 | I4: CUST | J4: 1003 | K4: Anita Sharma | L4: Electronics | M4: East | N4: =G4-F4 -> 6 | O4: =IF(G4-F4>4, "Delayed", "On time") -> Delayed | P4: =DATEDIF(E4, TODAY(), "Y") -> 5 | Q4: =MONTH(F4) -> 1
A5: CUST1004 | B5: john doe | C5: clothing | D5: east | E5: 44050 | F5: 45055 | G5: 45057 | I5: CUST | J5: 1004 | K5: John Doe | L5: Clothing | M5: East | N5: =G5-F5 -> 2 | O5: =IF(G5-F5>4, "Delayed", "On time") -> On time | P5: =DATEDIF(E5, TODAY(), "Y") -> 5 | Q5: =MONTH(F5) -> 5
A6: CUST1005 | B6: vikas KUMAR | C6: Electronics | D6: north | E6: 44375 | F6: 45276 | G6: 45279 | I6: CUST | J6: 1005 | K6: Vikas Kumar | L6: Electronics | M6: North | N6: =G6-F6 -> 3 | O6: =IF(G6-F6>4, "Delayed", "On time") -> On time | P6: =DATEDIF(E6, TODAY(), "Y") -> 4 | Q6: =MONTH(F6) -> 12
A7: CUST1006 | B7: ANITA sharma | C7: clothing | D7: north | E7: 44741 | F7: 45199 | G7: 45206 | I7: CUST | J7: 1006 | K7: Anita Sharma | L7: Clothing | M7: North | N7: =G7-F7 -> 7 | O7: =IF(G7-F7>4, "Delayed", "On time") -> Delayed | P7: =DATEDIF(E7, TODAY(), "Y") -> 3 | Q7: =MONTH(F7) -> 9
A8: CUST1007 | B8: vikas KUMAR | C8: clothing | D8: north | E8: 44308 | F8: 45162 | G8: 45163 | I8: CUST | J8: 1007 | K8: Vikas Kumar | L8: Clothing | M8: North | N8: =G8-F8 -> 1 | O8: =IF(G8-F8>4, "Delayed", "On time") -> On time | P8: =DATEDIF(E8, TODAY(), "Y") -> 4 | Q8: =MONTH(F8) -> 8
A9: CUST1008 | B9: john doe | C9: electronics | D9: north | E9: 44367 | F9: 45234 | G9: 45240 | I9: CUST | J9: 1008 | K9: John Doe | L9: Electronics | M9: North | N9: =G9-F9 -> 6 | O9: =IF(G9-F9>4, "Delayed", "On time") -> Delayed | P9: =DATEDIF(E9, TODAY(), "Y") -> 4 | Q9: =MONTH(F9) -> 11
A10: CUST1009 | B10: ANITA sharma | C10: FURNITURE | D10: east | E10: 44165 | F10: 44984 | G10: 44986 | I10: CUST | J10: 1009 | K10: Anita Sharma | L10: Furniture | M10: East | N10: =G10-F10 -> 2 | O10: =IF(G10-F10>4, "Delayed", "On time") -> On time | P10: =DATEDIF(E10, TODAY(), "Y") -> 5 | Q10: =MONTH(F10) -> 2
A11: CUST1010 | B11: ANITA sharma | C11: electronics | D11: north | E11: 44264 | F11: 44940 | G11: 44942 | I11: CUST | J11: 1010 | K11: Anita Sharma | L11: Electronics | M11: North | N11: =G11-F11 -> 2 | O11: =IF(G11-F11>4, "Delayed", "On time") -> On time | P11: =DATEDIF(E11, TODAY(), "Y") -> 5 | Q11: =MONTH(F11) -> 1
A12: CUST1011 | B12: john doe | C12: Electronics | D12: WEST | E12: 44384 | F12: 45274 | G12: 45279 | I12: CUST | J12: 1011 | K12: John Doe | L12: Electronics | M12: West | N12: =G12-F12 -> 5 | O12: =IF(G12-F12>4, "Delayed", "On time") -> Delayed | P12: =DATEDIF(E12, TODAY(), "Y") -> 4 | Q12: =MONTH(F12) -> 12
A13: CUST1012 | B13: john doe | C13: clothing | D13: WEST | E13: 44481 | F13: 45187 | G13: 45190 | I13: CUST | J13: 1012 | K13: John Doe | L13: Clothing | M13: West | N13: =G13-F13 -> 3 | O13: =IF(G13-F13>4, "Delayed", "On time") -> On time | P13: =DATEDIF(E13, TODAY(), "Y") -> 4 | Q13: =MONTH(F13) -> 9
A14: CUST1013 | B14: sneha gupta | C14: furniture | D14: north | E14: 43835 | F14: 45124 | G14: 45127 | I14: CUST | J14: 1013 | K14: Sneha Gupta | L14: Furniture | M14: North | N14: =G14-F14 -> 3 | O14: =IF(G14-F14>4, "Delayed", "On time") -> On time | P14: =DATEDIF(E14, TODAY(), "Y") -> 6 | Q14: =MONTH(F14) -> 7
... A51: CUST1050 | B51: ANITA sharma | C51: Electronics | D51: north | E51: 44356 | F51: 45123 | G51: 45125 | I51: CUST | J51: 1050 | K51: Anita Sharma | L51: Electronics | M51: North | N51: =G51-F51 -> 2 | O51: =IF(G51-F51>4, "Delayed", "On time") -> On time | P51: =DATEDIF(E51, TODAY(), "Y") -> 4 | Q51: =MONTH(F51) -> 7

Sheet Dashboard
A1: Customer Orders Dashboard
A2: Formula-Driven Dashboard Build From Dataset Sheet
A3: KPI Cards
A4: Total_Orders | D4: Delayed_Orders | G4: Delay_Rate | J4: Avg_Shipping_Days | M4: Avg_Tenure(Yrs.)
A5: =COUNTA(_xlfn.ANCHORARRAY(excel_practice_dataset!J2)) -> 50 | D5: =COUNTIF(excel_practice_dataset!O2:O51, "Delayed") -> 23 | G5: =COUNTIF(excel_practice_dataset!O2:O51, "Delayed")/COUNTA(excel_practice_dataset!J2:J51) -> 0.46 | J5: =AVERAGE(excel_practice_dataset!N2:N51) -> 4.06 | M5: =AVERAGE(excel_practice_dataset!P2:P51) -> 4.5
A6: Insights
A7: North region has highest orders
A8: Approximatly 46% of orders are delayed
A9: Most of the deliveries are delayed in North
A10: Electronics is top category
A11: Average shipping time is 4 days
A13: Region | B13: Orders | E13: Category | F13: Orders | I13: Delivery_Status | J13: Orders | M13: Order_Month | N13: Orders
A14: North | B14: =COUNTIF(_xlfn.ANCHORARRAY(excel_practice_dataset!M2), "North") -> 23 | E14: Electronics | F14: =COUNTIF(_xlfn.ANCHORARRAY(excel_practice_dataset!L2), "Electronics") -> 20 | I14: Delayed | J14: =COUNTIF(excel_practice_dataset!O2:O51, "Delayed") -> 23 | M14: 1 | N14: =COUNTIF(excel_practice_dataset!Q2:Q51, "1") -> 6
A15: South | B15: =COUNTIF(_xlfn.ANCHORARRAY(excel_practice_dataset!M2), "South") -> 8 | E15: Furniture | F15: =COUNTIF(_xlfn.ANCHORARRAY(excel_practice_dataset!L2), "Furniture") -> 25 | I15: On time | J15: =COUNTIF(excel_practice_dataset!O2:O51, "On time") -> 27 | M15: 2 | N15: =COUNTIF(excel_practice_dataset!Q2:Q51, "2") -> 4
A16: East | B16: =COUNTIF(_xlfn.ANCHORARRAY(excel_practice_dataset!M2), "East") -> 13 | E16: Clothing | F16: =COUNTIF(_xlfn.ANCHORARRAY(excel_practice_dataset!L2), "Clothing") -> 5 | M16: 3 | N16: =COUNTIF(excel_practice_dataset!Q2:Q51, "3") -> 4
A17: West | B17: =COUNTIF(_xlfn.ANCHORARRAY(excel_practice_dataset!M2), "West") -> 6 | M17: 4 | N17: =COUNTIF(excel_practice_dataset!Q2:Q51, "4") -> 2
M18: 5 | N18: =COUNTIF(excel_practice_dataset!Q2:Q51, "5") -> 5
M19: 6 | N19: =COUNTIF(excel_practice_dataset!Q2:Q51, "6") -> 5
A20: Row Labels | B20: Sum of Orders | I20: Row Labels | J20: Sum of Orders2 | M20: 7 | N20: =COUNTIF(excel_practice_dataset!Q2:Q51, "7") -> 3
A21: East | B21: 13 | I21: Clothing | J21: 5 | M21: 8 | N21: =COUNTIF(excel_practice_dataset!Q2:Q51, "8") -> 3
A22: North | B22: 23 | I22: Electronics | J22: 20 | M22: 9 | N22: =COUNTIF(excel_practice_dataset!Q2:Q51, "9") -> 7
A23: South | B23: 8 | I23: Furniture | J23: 25 | M23: 10 | N23: =COUNTIF(excel_practice_dataset!Q2:Q51, "10") -> 2
A24: West | B24: 6 | I24: (blank) | M24: 11 | N24: =COUNTIF(excel_practice_dataset!Q2:Q51, "11") -> 5
A25: (blank) | I25: Grand Total | J25: 50 | M25: 12 | N25: =COUNTIF(excel_practice_dataset!Q2:Q51, "12") -> 4
A26: Grand Total | B26: 50
A31: Row Labels | B31: Sum of Orders3 | I31: Row Labels | J31: Sum of Orders
A32: Delayed | B32: 23 | I32: 1 | J32: 6
A33: On time | B33: 27 | I33: 2 | J33: 4
A34: (blank) | I34: 3 | J34: 4
A35: Grand Total | B35: 50 | I35: 4 | J35: 2
I36: 5 | J36: 5
I37: 6 | J37: 5
I38: 7 | J38: 3
I39: 8 | J39: 3
I40: 9 | J40: 7
I41: 10 | J41: 2
I42: 11 | J42: 5
I43: 12 | J43: 4
I44: Grand Total | J44: 50
